index,N,D,dtype,PyTorch Forward (ms),Triton Forward (ms),PyTorch Backward (ms),Triton Backward (ms),PyTorch E2E (ms),Triton E2E (ms),Max Error
0,128,16,bfloat16,0.1070190769357559,0.012696847199078869,0.20618945122628973,0.107438800111413,0.18607135217737508,0.08828619794106819,0.0074024200439453125
1,256,16,bfloat16,0.06727522050405478,0.02125176460865666,0.17631146649519602,0.10328668327648428,0.17464533348878225,0.10600708840014059,0.005186676979064941
2,512,16,bfloat16,0.10600252557349832,0.03780838093232541,0.2906583189100459,0.15442526399304993,0.2886854496555052,0.15743663103172653,0.0038633346557617188
3,1024,16,bfloat16,0.23391155733002555,0.09434280144050718,0.673559108266124,0.5639227638984549,0.6728100798748158,0.5695514463145157,0.008263826370239258
4,2048,16,bfloat16,0.8703320817071565,0.3366366060394229,2.257053778089326,2.0728722849199848,2.2701417906530974,2.077395623730075,0.005615353584289551
5,4096,16,bfloat16,3.131775999069214,1.2190576823134172,7.721943205053156,8.067790638316762,7.706641500646418,8.00003514289856,0.005879491567611694
6,128,32,bfloat16,0.05611668290888391,0.016731482327860946,0.13873662422229718,0.09288600012660027,0.14400615428502744,0.09537920076400042,0.01213216781616211
7,256,32,bfloat16,0.075739676384507,0.028983717850025962,0.18657470273004995,0.11492658274460442,0.18547416256891713,0.11802789817253749,0.00817251205444336
8,512,32,bfloat16,0.12217813313007354,0.05317706008812031,0.3094748227911837,0.18219776034355165,0.30817553181858626,0.18523762254296122,0.007390260696411133
9,1024,32,bfloat16,0.26574948728084563,0.14543459883758,0.7489673873552909,0.6297977162258965,0.7473716965088477,0.6337477857416326,0.008721351623535156
10,2048,32,bfloat16,0.9471793336172899,0.5484822465662371,2.3925245829990933,2.3438819359088767,2.3789668594087874,2.3301691583224704,0.007382035255432129
11,4096,32,bfloat16,3.2675093015034995,2.0370621589513926,8.191769790649413,9.136227226257324,8.011592864990234,9.108405431111654,0.007821053266525269
12,128,64,bfloat16,0.06148760942969381,0.02540611780303366,0.14197153298111706,0.11562774566155445,0.14119771471271267,0.10819605068315434,0.010140299797058105
13,256,64,bfloat16,0.08125016123459146,0.045713349548449,0.19783308155633308,0.13924529974336747,0.19654054134278684,0.14198585632054703,0.008129596710205078
14,512,64,bfloat16,0.1264490949576848,0.08728599986061454,0.324454685645317,0.23734177814589608,0.32429946269561993,0.2427821971581016,0.00856705754995346
15,1024,64,bfloat16,0.29575884342193604,0.2726875398840223,0.8149247992038727,0.8330177208956551,0.8189849591255188,0.8387782466411591,0.006844758987426758
16,2048,64,bfloat16,1.0389971162410492,1.0321674568708552,2.6433476759837222,3.118935022354126,2.6406633945611806,3.0644186437129974,0.007759213447570801
17,4096,64,bfloat16,3.7900243427442466,4.050634670257568,9.188060442606607,12.249586241585869,9.210275438096788,12.133389745439802,0.010072410106658936
18,128,128,bfloat16,0.0707101242409812,0.05879687817721832,0.1600008410842795,0.14154805262367448,0.1607187360917267,0.14616478031331842,0.007598161697387695
19,256,128,bfloat16,0.09145475333774244,0.10879878492294988,0.2190879995210303,0.2161972602344539,0.2177516709860057,0.2193342215485043,0.008606791496276855
20,512,128,bfloat16,0.13809383821648522,0.20889205454963528,0.3531233939257535,0.38818362997128414,0.35295272821729834,0.39019250124692917,0.007739901542663574
21,1024,128,bfloat16,0.32903152923373613,0.5720720003758158,0.9195419972141584,1.346099044595446,0.9232453281680743,1.3327835981662457,0.019808292388916016
22,2048,128,bfloat16,1.272454399532742,2.4807053752567456,3.376868323846297,5.277705501107609,3.3908698016946968,5.146999422709147,0.01034688949584961
23,4096,128,bfloat16,5.693927049636841,9.390015840530396,14.20518938700358,19.053016662597656,14.361519972483316,19.33952760696411,0.010185837745666504
24,128,16,float32,0.03028609519380899,0.013325767439984999,0.06652136583153795,0.07349728415777654,0.06668136623211024,0.07868088919807363,2.384185791015625e-07
25,256,16,float32,0.034941538499716,0.02231905889861724,0.0794808883909826,0.10041320053860545,0.07950933204020982,0.09200000083073974,3.5762786865234375e-07
26,512,16,float32,0.05213743586761829,0.039367324796067665,0.12383138455259494,0.16704210619393148,0.12416820466900483,0.14451158607934977,3.5762786865234375e-07
27,1024,16,float32,0.21746279442147032,0.10175108824726901,0.5519266251859993,0.5571365561978571,0.5512639952116999,0.5583668947219849,3.5762786865234375e-07
28,2048,16,float32,1.1135659585607813,0.34296500124037266,3.409064586345966,2.096936279727567,2.628692964027668,2.087004804611206,5.960464477539062e-07
29,4096,16,float32,3.6967695213499523,1.31922164033441,8.526511955261231,8.249474958939986,8.587843036651611,8.209692859649659,5.960464477539062e-07
30,128,32,float32,0.03174933316629557,0.0177995294551639,0.06925827218794528,0.08014024628533258,0.06962263411501558,0.08022637012196177,4.76837158203125e-07
31,256,32,float32,0.036600000175990556,0.030491809227636883,0.08321896314988901,0.10314004990873457,0.0827160491435616,0.10439898648971244,2.980232238769531e-07
32,512,32,float32,0.056223594972604436,0.05861151254758602,0.1300912213015866,0.17417173286279042,0.1295783891306295,0.16937557339668274,3.5762786865234375e-07
33,1024,32,float32,0.221476383405189,0.1536404225779207,0.5781732407109491,0.6253834281648908,0.5784319963371545,0.6275148636528424,4.76837158203125e-07
34,2048,32,float32,0.9511884248003046,0.598868307012778,2.2333550453186035,2.3906548927570213,2.2419850990690033,2.383354272161211,5.662441253662109e-07
35,4096,32,float32,3.8500921726226807,2.194686609765758,8.795683097839355,9.31803724500868,8.830374336242675,9.239104059007433,5.960464477539062e-07
36,128,64,float32,0.034156190586232,0.0305005712212906,0.07383545754868308,0.09737400077283383,0.07430084086494682,0.21735480250790715,2.980232238769531e-07
37,256,64,float32,0.04049559980630875,0.05649404872844859,0.0915752005763352,0.13584706477530592,0.0912604003213346,0.1465650520434505,2.980232238769531e-07
38,512,64,float32,0.06393995053238338,0.10912445593106596,0.1613162664572398,0.24667538240761824,0.15441978879665075,0.5476480002554369,2.980232238769531e-07
39,1024,64,float32,0.2432426663322581,0.2969929575920105,0.6506560000506314,0.8425405457908032,0.6530973087657582,0.8430355191230774,4.470348358154297e-07
40,2048,64,float32,1.024071493047349,1.1152623295783997,2.528663992881775,3.183452010154724,2.525344000922309,3.1431902595188306,4.76837158203125e-07
41,4096,64,float32,4.380031962143748,3.963261706488473,10.283583879470825,12.67186723436628,10.220151901245117,12.5238949911935,3.5762786865234375e-07
42,128,128,float32,0.0340993581454695,0.0525642922829564,0.0754133336889891,0.11866502587993939,0.07491871613411256,0.11955241066141006,6.556510925292969e-07
43,256,128,float32,0.04303410512052084,0.09413960110396147,0.10430865772540056,0.1857945955282933,0.10472911332227007,0.18726097409789627,5.662441253662109e-07
44,512,128,float32,0.0753003454502718,0.18135870368899526,0.18842940737266797,0.3398022705049657,0.19016864875683914,0.3451035153685194,3.5762786865234375e-07
45,1024,128,float32,0.307383190030637,0.5419851639054039,0.8632288014888764,1.296585670737333,0.8695294698890375,1.2711172685390566,3.5762786865234375e-07
46,2048,128,float32,1.2481018196452747,2.14178533355395,3.321780888930611,4.956282615661621,3.326654542576183,4.901868045330048,4.76837158203125e-07
47,4096,128,float32,5.3611377875010175,8.209252119064331,13.029162565867106,19.13092498779297,13.412375041416713,19.24272871017456,5.960464477539062e-07